url,titulo,rotulo
https://cinemacomrapadura.com.br/criticas/631002/critica-antartida-2026-quando-a-investigacao-esquece-a-vitima/,,neg
https://cinemacomrapadura.com.br/criticas/630985/critica-codigo-vinganca-2026-receita-mal-aproveitada/,,neg
https://cinemacomrapadura.com.br/criticas/630978/critica-resident-evil-2026-jogando-sem-o-controle/,,pos
https://cinemacomrapadura.com.br/criticas/630935/critica-a-ilha-esquecida-2026-uma-amizade-a-altura-do-extraordinario/,,pos
https://cinemacomrapadura.com.br/criticas/630915/critica-pressao-2026-a-batalha-antes-da-batalha/,,pos
https://cinemacomrapadura.com.br/criticas/630908/critica-minha-melhor-amiga-2026-uma-amizade-maior-que-o-proprio-filme/,,pos
https://cinemacomrapadura.com.br/criticas/630903/critica-ponto-sem-retorno-2026-quando-o-fim-do-mundo-nao-passa-de-uma-paisagem/,,pos
https://cinemacomrapadura.com.br/criticas/630887/critica-coyote-vs-acme-2026-algo-novo-na-velha-perseguicao/,,pos
https://cinemacomrapadura.com.br/criticas/630807/critica-o-fim-da-rua-2026-blockbuster-brincando-de-terror/,,neg
https://cinemacomrapadura.com.br/criticas/630783/critica-insaciavel-2026-o-horror-de-caber-no-corpo-desejado/,,pos
https://cinemacomrapadura.com.br/criticas/630710/critica-avatar-aang-o-ultimo-mestre-do-ar-2026-a-tentacao-de-recuperar-o-passado/,,neg
https://cinemacomrapadura.com.br/criticas/630699/critica-homem-aranha-um-novo-dia-2026-otimo-recomeco-sufocado-pelo-mcu/,,pos
https://cinemacomrapadura.com.br/criticas/630647/critica-a-odisseia-2026-epico-de-nolan-mostra-que-nenhum-heroi-escapa-das-proprias-escolhas/,,pos
https://cinemacomrapadura.com.br/criticas/630620/critica-a-morte-do-demonio-em-chamas-2026-o-peso-da-violencia-sem-o-peso-dramatico/,,neg
https://cinemacomrapadura.com.br/criticas/630600/critica-moana-2026-repete-tudo-menos-a-magia/,,neg
https://cinemacomrapadura.com.br/criticas/630559/critica-quinze-dias-2026-o-extraordinario-do-amor-comum/,,pos
https://cinemacomrapadura.com.br/criticas/630553/critica-minions-monstros-2026-homenagem-divertida-que-perde-o-rumo/,,neg
https://cinemacomrapadura.com.br/criticas/630530/critica-o-convite-2026-olivia-wilde-transforma-um-jantar-em-terapia-de-casal/,,pos
https://cinemacomrapadura.com.br/criticas/630508/critica-supergirl-2026-heroina-promissora-em-uma-aventura-ultrapassada/,,neg
https://cinemacomrapadura.com.br/criticas/630479/critica-toy-story-5-2026-despedida-da-infancia-analogica/,,pos
https://cinemacomrapadura.com.br/criticas/630438/critica-eu-voce-na-toscana-2026-o-charme-de-uma-velha-receita/,,pos
https://cinemacomrapadura.com.br/criticas/630425/critica-dia-d-2026-entre-o-deslumbramento-e-a-frustracao/,,neg
https://cinemacomrapadura.com.br/criticas/630404/critica-mestres-do-universo-2026-sem-vergonha-de-ser-he-man/,,pos
https://cinemacomrapadura.com.br/criticas/630396/critica-labirinto-dos-garotos-perdidos-2026-fabula-urbana-para-depois-da-meia-noite/,,pos
https://cinemacomrapadura.com.br/criticas/630386/critica-backrooms-um-nao-lugar-2026-perdido-entre-corredores-e-respostas/,,neg
https://cinemacomrapadura.com.br/criticas/630349/critica-o-mandaloriano-e-grogu-2026-star-wars-em-piloto-automatico/,,neg
https://cinemacomrapadura.com.br/criticas/630327/critica-obsessao-2026-desejo-sem-consentimento/,,neg
https://cinemacomrapadura.com.br/criticas/630309/critica-o-rei-da-internet-2026-nostalgia-hiperestimulada/,,neg
https://cinemacomrapadura.com.br/criticas/630285/critica-mortal-kombat-2-2026-diversao-sem-muita-personalidade/,,neg
https://cinemacomrapadura.com.br/criticas/630256/critica-o-diabo-veste-prada-2-2026-evoluir-alem-da-nostalgia/,,pos
https://cinemacomrapadura.com.br/criticas/630241/critica-cangaco-novo-prime-video-2a-temporada-crescer-sem-perder-a-alma/,,pos
https://cinemacomrapadura.com.br/criticas/630212/critica-michael-2026-o-mito-acima-do-homem/,,neg
https://cinemacomrapadura.com.br/criticas/630189/critica-nuremberg-2026-quando-falta-coragem/,,neg
https://cinemacomrapadura.com.br/criticas/630160/critica-super-mario-galaxy-o-filme-2026-bonito-barulhento-e-superficial/,,neg
https://cinemacomrapadura.com.br/criticas/630138/critica-o-drama-2026-desconforto-que-provoca-e-faz-rir/,,pos
https://cinemacomrapadura.com.br/criticas/630103/critica-avatar-fogo-e-cinzas-2026-espetaculo-disperso/,,neg
https://cinemacomrapadura.com.br/criticas/630097/critica-o-morro-dos-ventos-uivantes-2026-belo-e-superficial/,,neg
https://cinemacomrapadura.com.br/criticas/630077/critica-devoradores-de-estrelas-2026-aventura-espacial-envolvente-e-humana/,,pos
https://cinemacomrapadura.com.br/criticas/629996/critica-a-noiva-2026-um-grito-exuberante-e-caotico-que-nao-quer-ouvir/,,pos
https://cinemacomrapadura.com.br/criticas/629075/critica-apocalipse-nos-tropicos-netflix-2025-observacao-sem-conflito/,,neg
https://www.omelete.com.br/filmes/criticas/brad-pitt-coracao-selvagem-filme-critica,"Com Brad Pitt, Coração Selvagem é um drama de sobrevivência feito para você chorar",pos
https://www.omelete.com.br/games/criticas/ea-sports-fc-27-review-jogamos,"Review | EA Sports FC 27 tenta fazer tudo, quando poderia fazer menos",neg
https://www.omelete.com.br/games/criticas/review-silent-hill-townfall-muda-a-perspectiva-mas-falha-no-basico,Review | Silent Hill: Townfall muda a perspectiva mas falha no básico,neg
