modelo,cenario,conjunto,n,acuracia,ic95_inf,ic95_sup,linha_base,f1_macro,recall_neg,recall_pos,minutos_treino,n_treino
BERTimbau,imdb+nativo,IMDB PT-BR (teste),3000,0.917,0.9065862938211894,0.9263471071943638,0.5033333333333334,0.9169585807854607,0.8887417218543047,0.9456375838926174,20.7,18068
BERTimbau,imdb+nativo,AdoroCinema (teste),169,0.9644970414201184,0.9247169555422664,0.9836291833502225,0.7337278106508875,0.9539090909090908,0.9111111111111111,0.9838709677419355,20.7,18068
BERTimbau,imdb+nativo,Papo de Cinema (teste),916,0.9039301310043668,0.8831244922000463,0.9213618454476531,0.6517467248908297,0.8923872180451128,0.8275862068965517,0.9447236180904522,20.7,18068
BERTimbau,imdb+nativo,Ouro: Rapadura + Omelete,50,0.82,0.6920368054529739,0.902299172675462,0.56,0.8069498069498069,0.6363636363636364,0.9642857142857143,20.7,18068
BERTimbau,imdb,IMDB PT-BR (teste),3000,0.9113333333333333,0.9006280003309505,0.920986561502137,0.5033333333333334,0.9113045960224446,0.8874172185430463,0.9355704697986578,17.4,14876
BERTimbau,imdb,AdoroCinema (teste),169,0.9585798816568047,0.9169810023215753,0.9797938481773786,0.7337278106508875,0.9473684210526316,0.9333333333333333,0.967741935483871,17.4,14876
BERTimbau,imdb,Papo de Cinema (teste),916,0.8635371179039302,0.8397825773355594,0.8842551265473702,0.6517467248908297,0.838113806700816,0.670846394984326,0.966499162479062,17.4,14876
BERTimbau,imdb,Ouro: Rapadura + Omelete,50,0.66,0.5215356854148285,0.7756323036493895,0.56,0.587178241864983,0.2727272727272727,0.9642857142857143,17.4,14876
BERTimbau,nativo,IMDB PT-BR (teste),3000,0.8773333333333333,0.8651090830456779,0.8885924436926161,0.5033333333333334,0.8772324456853654,0.9,0.8543624161073825,4.6,3192
BERTimbau,nativo,AdoroCinema (teste),169,0.8994082840236687,0.8448180562374072,0.9362439103261979,0.7337278106508875,0.8799766052554623,0.9333333333333333,0.8870967741935484,4.6,3192
BERTimbau,nativo,Papo de Cinema (teste),916,0.8799126637554585,0.8572589844391938,0.8993930304294531,0.6517467248908297,0.8699098819944742,0.8652037617554859,0.8877721943048577,4.6,3192
BERTimbau,nativo,Ouro: Rapadura + Omelete,50,0.8,0.6696262789551477,0.8875637005402612,0.56,0.7987117552334944,0.8181818181818182,0.7857142857142857,4.6,3192
Bi-LSTM,imdb+nativo,IMDB PT-BR (teste),3000,0.8773333333333333,0.8651090830456779,0.8885924436926161,0.5033333333333334,0.8773193750044449,0.8821192052980132,0.87248322147651,1.6,37638
Bi-LSTM,imdb+nativo,AdoroCinema (teste),169,0.8994082840236687,0.8448180562374072,0.9362439103261979,0.7337278106508875,0.8721804511278195,0.8222222222222222,0.9274193548387096,1.6,37638
Bi-LSTM,imdb+nativo,Papo de Cinema (teste),916,0.7019650655021834,0.6715504742581199,0.7306926945657298,0.6517467248908297,0.6997316330757731,0.8840125391849529,0.6046901172529313,1.6,37638
Bi-LSTM,imdb+nativo,Ouro: Rapadura + Omelete,50,0.68,0.5418944286372394,0.792419559060006,0.56,0.6666666666666666,0.5454545454545454,0.7857142857142857,1.6,37638
Bi-LSTM,imdb,IMDB PT-BR (teste),3000,0.8856666666666667,0.8737828373489519,0.8965640411282622,0.5033333333333334,0.8856361569347556,0.8635761589403973,0.9080536912751678,1.2,34446
Bi-LSTM,imdb,AdoroCinema (teste),169,0.863905325443787,0.8040618279432782,0.9075724082591173,0.7337278106508875,0.8337254566454206,0.8222222222222222,0.8790322580645161,1.2,34446
Bi-LSTM,imdb,Papo de Cinema (teste),916,0.7543668122270742,0.7254656637960442,0.7811433001821018,0.6517467248908297,0.7351059768882857,0.6959247648902821,0.7855946398659966,1.2,34446
Bi-LSTM,imdb,Ouro: Rapadura + Omelete,50,0.68,0.5418944286372394,0.792419559060006,0.56,0.6323529411764706,0.36363636363636365,0.9285714285714286,1.2,34446
Bi-LSTM,nativo,IMDB PT-BR (teste),3000,0.5796666666666667,0.5619120922749193,0.5972174703491552,0.5033333333333334,0.5784525632101076,0.6291390728476821,0.5295302013422819,0.2,3192
Bi-LSTM,nativo,AdoroCinema (teste),169,0.6568047337278107,0.582452166405092,0.7241869760235825,0.7337278106508875,0.6280358227079539,0.7111111111111111,0.6370967741935484,0.2,3192
Bi-LSTM,nativo,Papo de Cinema (teste),916,0.6058951965065502,0.5738704209077825,0.6370354567998575,0.6517467248908297,0.5765856781587119,0.49216300940438873,0.6666666666666666,0.2,3192
Bi-LSTM,nativo,Ouro: Rapadura + Omelete,50,0.38,0.2586259584257722,0.5184980497760643,0.56,0.3737373737373737,0.3181818181818182,0.42857142857142855,0.2,3192
